Date,Minutes,Seconds,Calories,Distance,Resistance,Notes
4/2/18,79,31,618,,,
4/3/18,78,35,625,,,
4/4/18,86,22,626,,,
4/5/18,62,35,435,,,
4/6/18,49,54,342,,,
4/7/18,32,31,232,,3,
4/8/18,60,3,456,,3,
4/9/18,56,19,346,,4,
4/10/18,63,26,411,,4,
4/11/18,84,31,613,,3,
4/12/18,56,31,391,,3,
4/13/18,64,9,456,,3,
4/14/18,58,53,518,,2,
4/15/18,76,24,638,,2,
4/16/18,40,7,317,,3,
4/17/18,82,41,668,,3,
4/18/18,31,17,229,,4,
4/18/18,64,9,617,,2,
4/19/18,22,26,183,,3,
4/20/18,34,45,256,,3,
4/21/18,37,41,271,,4,
4/22/18,37,31,252,,4,
4/22/18,21,30,139,,5,
4/23/18,26,30,166,,5,
4/23/18,47,35,415,,2,
4/23/18,20,27,151,,3,
4/24/18,38,4,267,,2,
4/25/18,63,11,492,,2,
4/26/18,47,58,348,,3,
4/27/18,35,9,284,,2,
4/29/18,23,7,144,,5,
4/30/18,42,15,358,,2,
4/30/18,44,15,348,,3,
5/1/18,21,37,157,,4,
5/2/18,30,10,236,,3,
5/3/18,57,29,453,,3,
5/4/18,26,3,198,,3,
5/5/18,39,1,331,,2,
5/6/18,42,49,363,,2,
5/7/18,42,40,372,,2,
5/8/18,30,55,221,,4,
5/8/18,25,35,218,,2,
5/9/18,73,3,582,,3,
5/20/18,32,50,262.9,10.8,3,
5/21/18,20,22,147.5,6.1,4,
5/21/18,21,32,141.4,5.8,5,
5/22/18,34,58,311.6,12.9,2,
5/23/18,28,1,241.3,9.9,3,
5/23/18,27,37,179.4,7.4,5,
5/24/18,23,16,170.4,7,4,
5/25/18,68,27,520.9,21.5,3,
5/26/18,35,36,243.8,10.1,4,
5/28/18,81,43,541.2,22.4,4,
5/29/18,59,47,492.5,20.4,2,
5/30/18,43,39,337,13.9,3,
5/31/18,45,14,360.5,14.9,3,
6/5/18,24,54,205.2,8.5,3,
6/6/18,46,8,329.4,13.6,4,
6/7/18,34,20,259.3,10.7,4,
6/8/18,31,56,267.6,11,3,
6/10/18,51,12,362.7,15,5,
6/11/18,29,42,239.1,9.9,4,
6/13/18,39,10,320.6,13.2,3,
6/14/18,41,26,278.9,11.5,5,
6/15/18,46,23,410.7,17,3,
6/18/18,56,50,488.1,20.2,3,
6/19/18,40,23,291.4,12,4,
6/20/18,61,7,546.4,22.6,2,
6/22/18,61,22,564.4,23.3,2,
6/25/18,52,39,440.7,18.2,3,
6/26/18,31,50,216.2,8.9,5,
6/27/18,20,16,134.7,5.5,5,
6/29/18,33,1,250.3,10.3,3,
6/30/18,84,25,571.6,23.6,4,
7/1/18,43,48,326.8,13.5,2,
7/4/18,27,23,196.1,8.1,3,
7/5/18,46,47,310.6,12.8,4,
7/8/18,44,12,319.1,13.2,2,
7/9/18,43,35,334.6,13.8,3,
7/10/18,43,4,317.6,13.1,4,
7/18/18,28,18,235,9.7,2,
7/19/18,33,22,259.3,10.7,3,
7/20/18,33,32,252.9,10.4,3,
7/22/18,47,56,360.7,14.9,3,
7/23/18,47,31,319.6,13.2,4,
7/24/18,34,0,250.5,10.3,4,
7/24/18,32,43,265.8,11,3,
7/25/18,48,47,373.7,15.4,3,
7/26/18,56,53,444.1,18.3,3,
7/27/18,27,11,185.1,7.6,5,
7/28/18,7,5,52.5,2.1,3,
7/29/18,40,3,293.7,12.1,3,
7/30/18,41,17,327.3,13.5,3,
7/31/18,62,26,528,21.8,2,
8/2/18,32,12,209.1,8.6,5,
8/4/18,59,14,440.3,18.2,3,
8/5/18,34,31,252.8,10.4,4,
8/20/18,32,47,243,10,3,
8/21/18,22,35,154.9,6.4,4,
9/2/18,22,28,164.6,6.8,3,
9/3/18,30,24,241.7,10,2,
9/4/18,42,45,338.4,14,2,
9/6/18,33,56,279.1,11.5,2,
9/11/18,18,33,163.4,6.7,2,
9/18/18,37,5,308.4,12.7,2,
9/20/18,47,13,384.4,15.9,2,
9/21/18,40,39,308.8,12.7,3,
9/22/18,43,13,332.7,13.7,3,
9/23/18,51,4,361.3,14.9,3,
9/24/18,47,36,359,14.8,3,
9/25/18,48,39,412.6,17,2,
9/27/18,45,56,343.2,14.2,3,
9/29/18,66,35,550.7,22.8,2,
10/1/18,59,45,520.7,21.5,2,
10/3/18,27,16,240.3,9.9,2,
10/4/18,31,18,274,11.3,2,
10/5/18,17,37,154.4,6.3,2,
10/9/18,26,23,231.7,9.6,2,
10/10/18,56,24,491.4,20.3,2,
10/11/18,39,26,309.3,12.8,3,
10/12/18,51,9,402.6,16.6,3,
10/13/18,41,44,342.3,14.1,2,
10/14/18,25,1,233.2,9.6,2,
10/20/18,52,10,420.3,17.4,2,
10/21/18,42,22,347.6,14.4,2,
10/22/18,25,38,205.4,8.5,2,
10/23/18,46,8,377.2,15.6,3,
10/24/18,60,14,524.5,21.7,2,
10/26/18,44,12,366.4,15.1,2,
10/27/18,51,57,409.8,16.9,2,
10/28/18,58,48,494.7,20.3,2,
10/29/18,51,33,412.2,17,2,
10/30/18,42,38,366.2,15.7,2,
10/31/18,44,53,349.4,14.4,3,
11/2/18,52,51,437.7,18.1,2,
11/4/18,51,22,438.1,18.1,2,
11/5/18,35,21,293,12.1,2,
11/6/18,52,57,472.3,19.5,2,
11/7/18,44,13,390.9,16.1,2,
11/8/18,38,39,311,12.8,3,
11/9/18,53,20,431.6,17.8,3,
11/10/18,47,37,393.2,16.2,3,
11/11/18,60,19,545.5,22.5,2,
11/12/18,52,18,444.1,18.3,2,
11/13/18,40,55,376.2,15.5,2,
11/14/18,45,48,422.1,17.4,2,
11/15/18,50,23,443.9,18.3,2,
11/17/18,53,51,418,17.3,3,
11/18/18,57,47,505.6,20.9,2,
11/19/18,55,0,439.1,18.1,3,
11/26/18,62,14,541.3,22.4,2,
11/27/18,58,33,515.7,21.3,2,
11/28/18,73,30,653.2,27,2,
11/29/18,60,12,558.9,23.1,2,
11/30/18,51,4,413.6,17.1,3,
12/1/18,45,37,373.3,15.4,3,
12/2/18,77,16,670.9,27.7,2,
12/3/18,41,33,328.3,13.6,3,
12/4/18,56,34,453.6,18.7,3,
12/5/18,71,18,641.2,26.5,2,
12/10/18,53,14,468.5,19.4,2,
12/11/18,65,11,551.7,22.8,2,
12/12/18,67,16,556.1,23,2,
12/13/18,57,34,490.3,20.3,2,
12/14/18,48,20,402.7,16.6,2,
12/15/18,54,22,418,17.3,3,
12/16/18,85,51,735,30.4,2,
12/17/18,54,50,473,19.5,2,
12/18/18,62,24,564.4,23.3,2,
12/26/18,47,24,424,17.5,2,
12/27/18,38,43,330,13.6,3,
12/28/18,52,21,505,20.9,2,
12/30/18,57,37,527.3,21.8,2,
12/31/18,68,46,623.2,25.8,2,
1/1/19,29,29,239.6,9.9,3,
1/1/19,21,5,163.3,6.7,4,
1/2/19,16,28,122.5,5,5,
1/2/19,47,57,448.5,18.5,2,
1/3/19,51,19,408.6,16.9,3,
1/4/19,57,10,474.1,19.6,3,
1/5/19,55,45,539.8,22.3,2,
1/6/19,69,37,688.7,28.5,2,
1/7/19,53,14,453.5,18.7,3,
1/8/19,56,52,549.7,22.7,2,
1/9/19,62,23,555.2,23,3,
1/10/19,66,30,659.5,27.3,2,
1/11/19,46,51,411.7,17,3,
1/12/19,58,4,453.9,18.8,4,
1/13/19,16,39,117.7,4.8,5,
1/13/19,67,25,621.7,25.7,2,
1/14/19,54,44,504.7,20.9,2,
1/15/19,65,52,602.2,24.9,2,
1/17/19,60,57,526.9,21.8,3,
1/19/19,51,27,422.2,17.4,3,
1/20/19,66,37,608.1,25.1,2,
1/21/19,72,9,685.9,28.4,2,
1/22/19,54,43,510.4,21.1,2,
1/23/19,58,35,525.9,21.7,3,
1/24/19,55,39,480.4,19.9,3,
1/25/19,56,15,501.6,20.7,2,
1/26/19,77,41,707,29.2,2,
1/28/19,53,46,487.4,20.1,2,
1/30/19,55,30,504.7,20.9,2,
2/1/19,37,27,308.1,12.7,3,
2/2/19,56,40,479.4,19.8,3,
2/3/19,68,35,659.4,27.3,2,
2/4/19,65,18,633,26.2,2,
2/5/19,63,15,603.5,25,2,
2/6/19,54,1,513,21.2,2,
2/7/19,59,24,547.2,22.6,2,
2/8/19,70,1,582.4,24.1,3,
2/9/19,67,55,637.4,26.4,2,
2/11/19,58,0,521.6,21.6,2,
2/12/19,65,44,646.3,26.7,2,
2/13/19,54,27,448.7,18.5,3,
2/14/19,76,53,754.5,31.2,2,
2/16/19,98,56,899.5,37.2,2,
2/18/19,45,7,431.9,17.8,2,
2/19/19,63,48,610.2,25.2,2,
2/20/19,43,26,416.6,17.2,2,
2/21/19,56,54,558.1,23.1,2,
2/22/19,49,33,497,20.5,2,
2/24/19,58,57,516.9,21.4,3,
2/25/19,58,58,565.8,23.4,2,
2/26/19,50,29,502.3,20.8,2,
2/27/19,56,26,561.6,23.2,2,
2/28/19,48,30,450.2,18.6,3,
3/2/19,59,25,553,22.9,2,
3/3/19,64,31,601.2,24.9,2,
3/4/19,54,37,513.5,21.2,3,
3/5/19,40,44,389.3,16.1,2,
3/6/19,12,52,126.6,5.2,2,
3/7/19,45,38,431.9,17.8,2,
3/8/19,81,13,771.8,31.9,2,
3/9/19,59,55,547.8,22.6,2,
3/10/19,76,18,665.6,27.5,2,
3/11/19,65,4,552.9,22.9,2,
3/12/19,51,28,436.2,18,2,
3/13/19,67,38,606.2,25.1,2,
3/14/19,31,25,298.5,12.3,2,
3/15/19,53,14,507.2,21,2,
3/17/19,63,3,583.9,24.1,2,
3/18/19,52,17,489.5,20.2,2,
3/19/19,46,37,429.9,17.8,2,
3/21/19,58,0,549,22.7,2,
3/22/19,42,21,420,17.4,2,
3/23/19,64,54,596.2,24.6,2,
3/24/19,83,6,760.9,31.5,2,
3/25/19,27,49,260.7,10.8,2,
3/26/19,34,46,329,13.6,2,
3/27/19,67,53,625.9,25.9,2,
3/28/19,51,18,480.6,19.9,2,
3/29/19,80,53,716.4,29.6,2,
3/30/19,61,29,533.4,22,3,
4/1/19,16,6,126,5.2,3,
4/2/19,41,30,382.7,15.8,2,
4/3/19,17,20,146,6,2,
4/4/19,48,36,453.2,18.7,2,
4/5/19,61,29,594.1,24.6,2,
4/6/19,70,55,657.7,27.2,2,
4/7/19,55,47,526.3,21.8,2,
4/8/19,48,13,473.9,19.6,2,
4/9/19,20,17,179.4,7.4,2,
4/9/19,30,52,275.7,11.4,3,
4/10/19,51,42,497.7,20.6,2,
4/11/19,52,18,510.8,21.1,2,
4/12/19,47,30,452.2,18.7,2,
4/13/19,72,0,639.1,26.4,2,
4/14/19,52,21,488.5,20.2,2,
4/15/19,40,18,323.8,13.4,3,
4/16/19,58,49,592.1,24.5,2,
4/17/19,38,54,380.8,15.7,2,
4/18/19,27,54,221.8,9.1,4,
4/20/19,55,55,505.5,20.9,2,
4/21/19,59,21,522.9,21.6,2,
4/22/19,45,37,401,16.6,3,
4/23/19,62,16,623.5,25.8,2,
4/24/19,32,22,270.5,11.2,4,
4/25/19,52,14,476,19.7,2,
4/26/19,58,1,547,22.6,2,
4/27/19,62,3,587.3,24.3,2,
4/28/19,48,39,458.7,19,2,
4/29/19,32,28,301.6,12.4,3,
4/30/19,44,47,420.2,17.4,3,
5/1/19,33,55,334.4,13.8,2,
5/2/19,53,20,520.9,21.5,2,
5/3/19,52,33,567.9,23.5,2,
5/4/19,65,0,665.6,27.5,2,
5/5/19,45,17,468.1,19.3,2,
5/6/19,46,18,436.2,18,3,
5/7/19,57,17,611.6,25.3,2,
5/8/19,56,44,573.9,23.7,2,
5/9/19,63,34,645,26.7,2,
5/11/19,61,21,620,25.6,2,
5/12/19,58,24,610.5,25.2,2,
5/13/19,65,27,623.4,25.8,2,
5/14/19,56,6,562.2,23.2,2,
5/15/19,50,29,493.5,20.4,2,
5/16/19,47,28,451.9,18.7,3,
5/18/19,70,52,709.5,29.3,2,
5/19/19,57,9,584.4,24.2,2,
5/20/19,52,47,537.6,22.2,2,
5/21/19,44,51,429.8,17.8,2,
5/22/19,58,51,578.6,23.9,2,
5/23/19,32,52,272.8,11.3,4,
5/24/19,57,46,544.6,22.5,3,
5/25/19,54,47,545.9,22.6,2,
6/2/19,66,51,660.9,27.3,2,
6/3/19,70,37,733.4,30.3,2,
6/4/19,57,7,547.5,22.6,2,
6/5/19,36,18,337.8,13.9,3,
6/6/19,44,41,457.1,18.9,2,
6/8/19,52,32,522.8,21.6,2,
6/9/19,52,13,470.1,19.4,2,
6/10/19,54,29,498,20.6,2,
6/11/19,75,21,672.4,27.8,2,
6/12/19,35,16,341.4,14.1,2,
6/13/19,44,12,433.5,17.9,2,
6/15/19,65,51,674.9,27.9,2,
6/16/19,57,34,553.9,22.9,2,
6/17/19,56,31,485.5,20.1,2,
6/18/19,37,36,344.8,14.2,2,
6/19/19,37,55,300.6,12.4,3,
6/20/19,43,45,422.9,17.5,2,
6/21/19,28,44,277.3,11.4,2,
6/22/19,42,48,428.3,17.7,2,
6/23/19,80,29,772.9,32,2,
6/24/19,52,40,473.3,19.6,2,
6/25/19,63,45,584.5,24.2,2,
6/26/19,54,55,489.3,20.2,2,
6/28/19,61,47,525,21.7,2,
6/29/19,48,34,407,16.8,2,
6/30/19,45,24,406.8,16.8,2,
7/2/19,58,5,533,22,2,
7/4/19,97,47,894.7,37,2,
7/5/19,57,40,526.5,21.8,2,
7/6/19,53,13,485,20,2,
7/7/19,48,15,431.3,17.8,2,
7/8/19,62,40,559.7,23.1,2,
7/9/19,54,40,510.8,21.1,2,
7/10/19,46,46,430.2,17.8,2,
7/12/19,47,16,428.6,17.7,2,
7/13/19,64,17,595.6,24.6,2,
7/15/19,38,46,363.6,15,2,
7/16/19,55,30,517.8,21.4,2,
7/17/19,38,56,369.5,15.3,2,
7/18/19,51,37,499.8,20.7,2,
7/19/19,53,28,509.2,21,2,
7/20/19,41,0,385.8,15.9,2,
7/21/19,35,52,331.6,13.7,2,
7/22/19,57,7,529.4,21.9,2,
7/23/19,55,55,496.7,20.5,2,
7/24/19,23,17,232.7,9.6,2,
7/24/19,32,54,283.8,11.7,2,
7/25/19,25,47,222.2,9.2,3,
7/27/19,57,32,481.5,19.9,3,
7/28/19,58,14,498,20.6,3,
7/29/19,48,33,358,14.8,4,
7/30/19,59,4,558.8,23.1,2,
7/31/19,72,35,674.7,27.9,2,
8/1/19,73,36,661.9,27.4,2,
8/3/19,69,3,628.3,26,2,
8/4/19,60,32,564.5,23.3,2,
8/5/19,45,14,408.8,16.9,2,
8/6/19,26,52,228.2,9.4,2,
8/7/19,57,38,471,19.5,3,
8/9/19,54,30,447.6,18.6,3,
8/10/19,70,54,628.5,26,2,
8/11/19,54,30,501,20.8,2,
8/12/19,62,59,572,23.6,2,
8/13/19,49,20,426.2,17.6,3,
8/15/19,21,0,206.2,8.5,3,
8/15/19,37,22,322,13.3,3,
8/16/19,95,40,936,38.7,2,
8/17/19,71,27,687,28.4,2,
8/19/19,36,48,332.2,13.7,3,
8/20/19,28,32,255.1,10.5,3,
8/21/19,39,13,356.5,14.7,2,
8/22/19,64,0,552.2,22.8,2,
8/25/19,83,8,787.1,32.6,2,
8/26/19,35,16,308.1,12.7,2,
8/27/19,43,17,389.9,16.1,2,
8/28/19,29,10,278,11.5,2,
8/29/19,33,28,305.5,12.6,2,
8/30/19,32,0,294.9,12.2,2,
8/31/19,57,15,503.1,20.8,2,
9/1/19,72,45,662.8,27.4,2,
9/2/19,48,59,452.4,18.7,2,
9/3/19,66,12,585,24.2,2,
9/4/19,55,7,488,20.2,2,
9/5/19,72,44,661,27.3,2,
9/7/19,75,1,703,29.1,2,
9/9/19,49,12,462.2,19.1,2,
9/10/19,53,55,495.3,20.5,3,
9/11/19,27,17,212.7,8.8,4,
9/14/19,46,11,444.1,18.3,2,
9/15/19,29,58,267.7,11,2,
9/17/19,48,7,466.8,19.3,2,
9/18/19,37,20,313.7,12.9,2,
9/19/19,27,43,256.1,10.6,2,
9/20/19,22,46,201.9,8.3,2,
9/23/19,29,55,259.7,10.7,2,
9/24/19,36,10,299.4,12.4,3,
9/25/19,60,17,562.2,23.2,2,
9/26/19,30,22,274.2,11.3,2,
9/28/19,28,34,271.1,11.2,2,
9/29/19,30,27,294.7,12.2,2,
9/30/19,43,51,393.9,16.3,2,
10/1/19,70,38,651.2,26.9,2,
10/2/19,38,37,333.2,13.8,3,
10/3/19,43,19,421.1,17.4,2,
10/4/19,29,7,254.6,10.5,2,
10/5/19,48,46,449.2,18.6,2,
10/6/19,26,40,245.8,10.1,2,
10/9/19,28,1,249.2,10.3,2,
10/10/19,47,12,453,18.7,2,
10/12/19,59,31,568.7,23.5,2,
10/13/19,69,16,667.1,27.6,2,
10/14/19,45,16,441.6,18.2,2,
10/15/19,37,29,328.5,13.6,3,
10/19/19,45,17,436,18,2,
10/20/19,42,27,432.6,17.9,2,
10/21/19,50,28,503.8,20.8,2,
10/22/19,38,38,370.1,15.3,2,
10/23/19,56,35,546,22.6,2,
10/24/19,42,21,394,16.3,2,
10/26/19,43,29,432.2,17.9,2,
10/27/19,52,20,483.9,20.2,2,
10/28/19,44,27,444.2,18.4,2,
10/29/19,56,30,526.7,21.8,2,
10/30/19,35,16,314,13,3,
10/31/19,48,44,476.5,19.7,2,
11/2/19,49,23,440.7,18.2,3,
11/3/19,45,14,445,18.4,2,
11/4/19,68,12,658.1,27.2,2,
11/5/19,49,41,472.3,19.5,2,
11/6/19,45,55,430.6,17.8,2,
11/10/19,53,42,487,20.1,2,
11/11/19,36,44,307.5,12.7,3,
11/13/19,50,26,433.9,17.9,2,
11/14/19,56,15,515.1,21.3,2,
11/15/19,71,23,639.3,26.4,2,
11/16/19,63,39,595.6,24.6,2,
11/17/19,42,28,410.5,17,2,
11/18/19,41,45,376.8,15.6,2,
11/19/19,58,12,522.9,21.6,2,
11/20/19,40,41,344.3,14.2,3,
11/21/19,46,35,412.3,17,2,
11/23/19,65,12,572,23.6,2,
11/24/19,55,0,504.1,20.8,2,
11/25/19,64,25,588.4,24.3,2,
11/27/19,43,29,397,16.4,2,
11/29/19,47,0,427,17.6,2,
11/30/19,45,21,438,18.1,2,
12/1/19,50,49,469,19.4,2,
12/6/19,33,9,317,13.1,2,
12/8/19,78,36,768.5,31.8,2,
12/9/19,54,43,516.8,21.4,2,
12/10/19,35,57,318.9,13.2,3,
12/11/19,23,2,193,7.9,3,
12/12/19,31,57,275,11.3,3,
12/14/19,61,29,618.3,25.6,2,
12/16/19,44,31,396.3,16.4,3,
12/17/19,65,27,593.8,24.5,2,
12/18/19,33,0,275.7,11.4,3,
12/19/19,51,21,491.3,20.3,2,
12/21/19,38,1,369.2,15.2,2,
12/23/19,57,46,559,23.1,2,
12/24/19,78,47,817,33.8,2,
12/26/19,63,48,629,26,2,
12/27/19,41,25,423,17.5,2,
12/29/19,77,10,748,30.9,2,
12/30/19,33,22,302,12.5,3,
1/1/20,45,47,420,17.4,3,
1/3/20,57,10,558.9,23.1,2,
1/4/20,71,33,713,29.5,2,
1/5/20,66,0,703.7,29.1,2,
1/6/20,53,12,504.3,20.8,2,
1/7/20,38,2,301.7,12.5,4,
1/8/20,43,51,412.7,17,3,
1/9/20,52,35,489.5,20.2,2,
1/10/20,57,22,534.7,22.1,2,
1/11/20,53,33,528.9,21.9,2,
1/12/20,37,21,368,15.2,2,
1/13/20,45,24,406.1,16.8,3,
1/14/20,42,29,400,16.5,2,
1/15/20,56,0,516.4,21.3,2,
1/17/20,54,12,476.4,19.7,2,
1/18/20,57,19,565.4,23.4,2,
1/19/20,35,17,307.4,12.7,3,
1/20/20,74,12,719,29.7,2,
1/21/20,57,56,556.5,23,2,
1/22/20,32,33,334.8,13.8,2,
1/23/20,59,39,569,23.5,2,
1/24/20,51,13,486.7,20.1,2,
1/25/20,50,37,487.9,20.2,2,
1/26/20,58,28,567.3,23.5,2,
1/27/20,50,48,479.2,19.8,2,
1/28/20,51,45,478,19.8,3,
1/29/20,46,28,468.7,19.4,2,
1/31/20,51,14,490.1,20.3,2,
2/1/20,61,13,603.5,25,2,
2/2/20,49,42,486.3,20.1,2,
2/3/20,52,44,498.1,20.6,2,
2/4/20,32,19,297,12.3,3,
2/5/20,63,25,591.4,24.4,2,
2/6/20,66,29,638.1,26.4,2,
2/7/20,46,31,423.5,17.5,3,
2/8/20,54,35,535.2,22.1,2,
2/9/20,64,31,592.8,24.5,2,
2/10/20,58,17,537.2,22.2,2,
2/11/20,50,22,436.3,18,3,
2/12/20,57,13,539.5,22.3,2,
2/13/20,52,37,488.7,20.2,2,
2/15/20,62,17,596.9,24.7,2,
2/16/20,74,6,706.7,29.2,2,
2/17/20,53,42,534.5,22.1,2,
2/18/20,58,41,571.6,23.6,2,
2/19/20,49,8,464.5,19.2,2,
2/20/20,44,13,429.9,17.8,2,
2/21/20,55,37,512.9,21.2,2,
2/22/20,58,49,560,23.1,2,
2/23/20,62,39,604.3,25,2,
2/24/20,72,49,683.1,28.2,2,
2/25/20,63,12,593.8,24.5,2,
2/26/20,61,9,582.6,24.1,2,
2/29/20,51,51,496.9,20.5,2,
3/1/20,33,36,314.2,13,2,
3/6/20,52,55,506.7,20.9,2,
3/7/20,46,5,427.1,17.6,3,
3/8/20,58,8,564,23.3,2,
3/10/20,51,33,511,21.1,2,
3/12/20,48,25,455,18.8,2,
3/13/20,47,28,473,19.5,2,
3/14/20,67,44,656,27.2,2,
3/15/20,69,30,667,27.6,2,
3/16/20,58,8,574,23.8,2,
3/17/20,48,41,486,20.1,2,
3/18/20,61,48,634,26.2,2,
3/19/20,68,37,653,27,2,
3/20/20,46,29,455,18.8,2,
3/21/20,66,10,665,27.5,2,
3/22/20,84,12,824,34.1,2,
3/23/20,69,56,603.1,24.9,2,
3/24/20,64,24,639.9,26.5,2,
3/25/20,53,48,505.2,20.9,3,
3/26/20,65,30,664.3,27.5,2,
3/27/20,61,53,593,24.5,2,
3/28/20,97,29,932.1,38.6,2,
3/30/20,60,41,569,23.5,2,
4/1/20,59,43,594,24.6,2,
4/2/20,35,23,321,13.3,3,
4/3/20,55,10,538,22.3,2,
4/4/20,68,42,671,27.8,2,
4/5/20,59,37,582,24.1,2,
4/6/20,57,43,577,23.9,2,
4/7/20,53,23,530,21.9,2,
4/8/20,67,38,688,28.5,2,
4/9/20,53,3,532,22,2,
4/10/20,64,8,671,27.7,2,
4/11/20,78,38,824,34.1,2,
4/12/20,64,57,670,27.7,2,
4/13/20,50,57,548,22.7,2,
4/14/20,50,28,534.4,22.1,2,
4/15/20,56,35,579.4,24,2,
4/16/20,61,20,618.3,25.6,2,
4/17/20,53,50,542.6,22.4,2,
4/18/20,95,8,950.9,39.3,2,
4/19/20,57,23,585.2,24.2,2,
4/20/20,44,54,451.4,18.7,2,
4/21/20,63,10,654.6,27.1,2,
4/22/20,77,35,812.3,33.6,2,
4/23/20,62,11,648.6,26.8,2,
4/24/20,77,33,766,31.7,2,
4/25/20,73,48,750.4,31,2,
4/26/20,44,29,454.5,18.8,2,
4/27/20,80,43,853.6,35.3,2,
4/28/20,61,24,667,27.6,2,
4/29/20,77,20,817.4,33.8,2,
4/30/20,48,35,485.9,20.1,2,
5/2/20,52,36,519.8,21.5,2,
5/3/20,62,24,631.3,26.1,2,
5/4/20,57,6,575.8,23.8,2,
5/5/20,55,4,554.9,22.9,2,
5/6/20,61,5,609.5,25.2,2,
5/7/20,62,26,656.8,27.2,2,
5/8/20,69,19,741.8,30.7,2,
5/9/20,60,37,597.1,24.7,2,
5/10/20,68,27,708,29.3,2,
5/11/20,64,2,643.1,26.6,2,
5/12/20,70,39,712.7,29.5,2,
5/13/20,58,16,590.2,24.4,2,
5/14/20,68,33,697.3,28.8,2,
5/15/20,55,23,565.6,23.4,2,
5/16/20,62,40,636.5,26.3,2,
5/17/20,57,34,573.4,23.7,2,
5/18/20,64,43,647.4,26.8,2,
5/19/20,70,33,720.3,29.8,2,
5/20/20,60,47,621.6,25.7,2,
5/21/20,62,54,635.2,26.3,2,
5/22/20,60,59,609.6,25.2,2,
5/23/20,62,29,648.5,26.8,2,
5/24/20,77,56,776.6,32.1,2,
5/25/20,58,40,581.2,24,2,
5/26/20,64,39,664.2,27.5,2,
5/27/20,59,11,608.1,25.1,2,
5/28/20,62,36,654.7,27.1,2,
5/29/20,56,56,594.2,24.6,2,
5/30/20,75,12,768,31.8,2,
5/31/20,77,51,791.3,32.7,2,
6/1/20,52,33,541.2,22.4,2,
6/2/20,60,25,635.4,26.3,2,
6/3/20,66,46,698.3,28.9,2,
6/4/20,56,42,595.5,24.6,2,
6/5/20,63,55,648.5,26.8,2,
6/6/20,76,21,812.3,33.6,2,
6/7/20,73,8,761,31.5,2,
6/8/20,57,24,567.5,23.5,3,
6/9/20,63,48,682.8,28.2,2,
6/10/20,58,1,633.3,26.2,2,
6/11/20,60,51,655.2,27.1,2,
6/12/20,47,36,510.8,21.1,3,
6/13/20,68,58,754.1,31.2,2,
6/14/20,77,19,812.7,33.6,2,
6/15/20,58,47,561.3,23.2,3,
6/16/20,65,50,703.5,29.1,2,
6/17/20,68,46,720,29.8,2,
6/18/20,82,41,886.8,36.7,2,
6/19/20,53,15,543.2,22.5,3,
6/20/20,79,26,868,35.9,2,
6/21/20,72,21,768.2,31.8,2,
6/22/20,71,33,769.6,31.8,2,
6/23/20,83,32,894,37,2,
6/24/20,67,13,717.5,29.7,2,
6/25/20,50,27,461.8,19.1,4,
6/26/20,81,35,918.8,38,2,
6/27/20,76,10,817.3,33.8,2,
6/28/20,22,6,177.5,7.3,5,
6/28/20,47,1,505.1,20.9,2,
6/29/20,55,51,604,25,2,
6/30/20,62,39,690.8,28.6,2,
7/1/20,53,18,545.7,22.6,3,
7/2/20,75,1,823.6,34.1,2,
7/3/20,67,46,732,30.3,2,
7/4/20,31,23,286.7,11.8,3,
7/5/20,64,28,685,28.3,2,
7/6/20,63,50,688.2,28.5,2,
7/7/20,60,45,618.6,25.6,2,
7/8/20,74,45,674.4,27.9,3,
7/9/20,65,33,673.9,27.9,2,
7/10/20,30,18,257.8,10.6,4,
7/11/20,95,22,988.2,40.9,2,
7/13/20,54,27,551.9,22.8,2,
7/14/20,62,47,642.3,26.6,2,
7/15/20,48,9,515.7,21.3,3,
7/16/20,67,38,753.5,31.2,2,
7/17/20,65,4,735.8,30.4,2,
7/18/20,95,48,991.9,41,2,
7/19/20,78,56,825.4,34.1,2,
7/20/20,61,19,666.4,27.6,3,
7/21/20,62,54,675.7,27.9,2,
7/22/20,66,58,741.2,30.7,2,
7/23/20,25,26,214.1,8.8,5,
7/23/20,48,17,512.8,21.2,3,
7/24/20,65,2,701.2,29,2,
7/27/20,75,46,883.1,36.5,2,
7/28/20,57,21,611.4,25.3,3,
7/29/20,50,51,533.8,22.1,3,
7/30/20,75,4,841.5,34.8,2,
7/31/20,51,37,584.9,24.2,2,
8/1/20,73,14,794.2,32.9,2,
8/2/20,65,31,712.4,29.5,2,
8/3/20,70,17,753.7,31.2,2,
8/4/20,47,17,506.7,20.9,3,
8/5/20,46,40,488.5,20.2,3,
8/6/20,69,34,746.4,30.9,2,
8/7/20,50,27,567.9,23.5,2,
8/8/20,78,42,865.7,35.8,2,
8/9/20,71,33,752.5,31.1,2,
8/10/20,51,28,451.4,18.7,4,
8/11/20,57,41,552.7,23.1,3,
8/12/20,66,28,663.5,27.4,3,
8/13/20,67,56,724.7,30,2,
8/14/20,78,58,848.6,35.1,2,
8/15/20,62,21,681.4,28.2,2,
8/16/20,63,35,634.3,26.2,3,
8/17/20,61,35,656.4,27.1,2,
8/18/20,77,36,833.6,34.5,2,
8/19/20,74,8,784.3,32.4,2,
8/20/20,61,35,647.7,26.8,3,
8/21/20,55,28,641.7,26.5,2,
8/22/20,75,28,826.5,34.2,2,
8/23/20,77,10,845.5,35,2,
8/24/20,56,27,580,24,3,
8/25/20,67,43,686.5,28.4,3,
8/26/20,75,31,882.3,36.5,2,
8/27/20,70,30,791.7,32.8,2,
8/28/20,78,6,847.2,35,2,
8/29/20,76,48,845.8,35,2,
8/30/20,82,49,914.9,37.9,2,
8/31/20,64,41,632.9,26.2,3,
9/1/20,67,19,738.3,30.5,2,
9/2/20,68,54,768.4,31.8,2,
9/3/20,56,15,557.3,23,3,
9/4/20,55,26,609.6,25.2,2,
9/5/20,46,50,503,20.8,2,
9/7/20,75,16,787,32.6,2,
9/8/20,58,38,604,25,2,
9/9/20,75,45,795.7,32.9,2,
9/10/20,58,16,618.8,25.6,2,
9/11/20,60,16,621.6,25.7,2,
9/12/20,59,43,623.3,25.8,2,
9/13/20,76,27,842.1,34.8,2,
9/14/20,61,47,696.9,28.8,2,
9/15/20,77,46,855.2,35.4,2,
9/16/20,66,47,738.2,30.5,2,
9/17/20,51,18,592.1,24.5,2,
9/18/20,53,17,583.9,24.1,2,
9/19/20,67,10,787.7,32.6,2,
9/20/20,76,24,869.8,36,2,
9/21/20,54,37,613.8,25.4,2,
9/22/20,62,33,663.8,27.4,3,
9/23/20,53,45,604.4,25,2,
9/24/20,62,28,681,28.2,2,
9/25/20,64,35,728.1,30.1,2,
9/26/20,58,16,655.4,27.1,2,
9/27/20,81,52,918.9,38,2,
9/28/20,54,55,641.3,26.5,2,
9/29/20,64,46,736,30.4,2,
9/30/20,48,10,514.4,21.3,3,
10/1/20,54,26,611,25.3,2,
10/2/20,68,13,774.6,32,2,
10/3/20,72,26,835.1,34.5,2,
10/4/20,61,15,698.1,28.9,2,
10/5/20,52,14,544.7,22.5,3,
10/6/20,62,55,703,29.1,2,
10/7/20,62,37,697.7,28.9,2,
10/8/20,58,14,635.6,26.3,2,
10/9/20,63,53,695.8,28.8,2,
10/10/20,66,38,758.9,31.4,2,
10/11/20,67,38,747.6,30.9,2,
10/12/20,29,16,281.3,11.6,4,
10/13/20,55,56,633.6,26.2,2,
10/14/20,54,48,606.4,25.1,2,
10/15/20,67,6,745.3,30.8,2,
10/16/20,49,27,552,22.8,2,
10/17/20,61,49,693.1,28.7,2,
10/18/20,69,49,787.6,32.6,2,
10/19/20,62,31,684.8,28.3,2,
10/20/20,68,18,752.9,31.1,2,
10/21/20,54,54,579.2,23.9,3,
10/22/20,31,6,337.2,13.9,2,
10/23/20,62,0,677.2,28,2,
10/24/20,68,54,773.2,32,2,
10/25/20,50,56,562.1,23.2,2,
10/26/20,44,2,462.1,19.1,2,
10/27/20,31,37,328.8,13.6,2,
10/28/20,62,18,688.9,28.5,2,
10/29/20,48,29,547.6,22.6,2,
10/30/20,62,35,713.2,29.5,2,
10/31/20,50,45,510.6,21.1,3,
11/1/20,78,46,896.4,37.1,2,
11/2/20,62,39,719.1,29.7,2,
11/3/20,60,14,690.9,28.6,2,
11/4/20,51,12,581.1,24,2,
11/5/20,56,28,633.1,26.2,2,
11/7/20,59,21,660.9,27.3,2,
11/7/20,26,14,244,10,2,
11/8/20,61,42,662.5,27.4,2,
11/9/20,67,18,797.5,33,2,
11/10/20,50,54,522,21.6,3,
11/11/20,75,18,838.8,34.7,2,
11/12/20,50,23,539.3,22.3,2,
11/13/20,57,14,633,26.2,2,
11/14/20,63,20,677,28,2,
11/15/20,60,48,674.8,27.9,2,
11/16/20,60,59,677,28,2,
11/17/20,61,46,689.5,28.5,2,
11/18/20,51,55,583.2,24.1,2,
11/19/20,85,46,918.4,38,2,
11/20/20,48,37,530.3,21.9,2,
11/21/20,71,28,756.2,31.3,2,
11/22/20,61,56,699.7,28.9,2,
11/23/20,68,54,736.2,30.4,2,
11/24/20,51,25,554.2,22.9,2,
11/25/20,65,17,699.4,28.9,2,
11/25/20,36,26,403,16.6,2,
11/26/20,49,32,549.2,22.7,2,
11/27/20,71,39,782.7,32.4,2,
11/28/20,52,35,576.5,23.8,2,
11/29/20,71,36,784.7,32.5,2,
11/30/20,51,17,584,24.1,2,
12/1/20,55,41,613.9,25.4,2,
12/2/20,66,14,727,30.1,2,
12/3/20,73,7,781.6,32.3,2,
12/4/20,65,3,742.8,30.7,2,
12/5/20,60,18,638.3,26.4,2,
12/6/20,63,58,739.9,30.6,2,
12/7/20,76,11,847,35,2,
12/8/20,63,21,731.8,30.3,2,
12/9/20,73,41,804.4,33.3,2,
12/10/20,63,49,678.6,28.1,2,
12/11/20,54,42,636.8,26.3,2,
12/12/20,60,50,686.4,28.4,2,
12/13/20,76,8,840.6,34.8,2,
12/14/20,63,30,699.4,28.9,2,
12/15/20,59,33,650.2,26.9,2,
12/16/20,61,15,663.7,27.4,2,
12/17/20,59,9,661,27.3,2,
12/18/20,61,39,697.1,28.8,2,
12/19/20,57,9,642.2,26.6,2,
12/21/20,68,27,744.1,30.8,2,
12/22/20,51,34,554,22.9,2,
12/23/20,51,13,504.5,20.9,3,
12/24/20,72,24,805.8,33.3,2,
12/26/20,59,59,673.5,27.9,2,
12/27/20,67,47,645.8,26.7,3,
12/28/20,50,27,536.2,22.2,2,
12/29/20,55,25,619.7,25.6,2,
12/30/20,68,43,737.4,30.5,2,
12/31/20,64,41,742.4,30.7,2,
1/1/21,62,14,657.9,27.2,2,
1/2/21,72,6,748.7,31,2,
1/3/21,60,22,637,26.3,2,
1/4/21,56,53,635.5,26.3,2,
1/5/21,57,48,618.2,25.6,2,
1/6/21,50,48,546.4,22.6,2,
1/7/21,64,40,675.3,27.9,2,
1/8/21,57,31,613.8,25.4,2,
1/9/21,31,38,351.4,14.5,2,
1/11/21,41,6,424.5,17.5,2,
1/12/21,68,10,688,28.4,2,
1/13/21,74,38,799.8,33.1,2,
1/14/21,54,37,542.3,22.4,3,
1/15/21,79,4,821.8,34,2,
1/16/21,75,45,788.4,32.6,2,
1/17/21,84,26,935.8,38.7,2,
1/18/21,63,23,674,27.9,2,
1/19/21,61,43,652.8,27,2,
1/20/21,84,17,924.7,38.3,2,
1/21/21,62,59,686.3,28.4,2,
1/22/21,65,43,706.5,29.2,2,
1/23/21,69,33,713.2,29.5,2,
1/24/21,63,29,653.2,27,2,
1/25/21,67,40,693.6,28.7,2,
1/26/21,66,47,678,28,2,
1/27/21,69,39,737.7,30.5,2,
1/28/21,62,31,659.1,27.3,2,
1/29/21,60,29,619.5,25.6,2,
1/30/21,74,16,772.1,31.9,2,
1/31/21,58,39,553.9,22.9,3,
2/1/21,73,11,821,34,2,
2/2/21,64,38,682,28.2,3,
2/3/21,69,59,768,31.8,2,
2/4/21,41,27,454.4,18.8,2,
2/5/21,67,5,702.4,29,2,
2/6/21,83,21,859.9,35.6,2,
2/7/21,69,53,738.2,30.5,2,
2/8/21,49,38,472.9,19.5,3,
2/9/21,69,21,764,31.6,2,
2/10/21,61,31,624.3,25.8,3,
2/11/21,48,57,489.2,20.2,3,
2/12/21,53,22,524,21.7,3,
2/13/21,79,56,812.7,33.6,2,
2/14/21,72,50,792.2,32.8,2,
2/17/21,49,57,504.4,20.8,2,
2/21/21,68,47,709.8,29.4,2,
2/22/21,43,21,425.3,17.6,3,
2/23/21,60,53,674.6,27.9,2,
2/24/21,58,44,607.6,25.1,2,
2/25/21,70,32,721.6,29.8,2,
2/26/21,61,43,638,26.4,2,
2/27/21,62,32,646.9,26.7,2,
2/28/21,68,54,714.7,29.6,2,
3/1/21,58,55,565.7,23.4,3,
3/2/21,61,34,667,27.6,2,
3/3/21,54,32,652.7,27,2,
3/4/21,71,45,794.8,32.9,2,
3/5/21,76,26,856.4,35.4,2,
3/6/21,70,54,776.4,32.1,2,
3/7/21,68,39,714.7,29.6,2,
3/8/21,58,39,651.4,26.9,2,
3/9/21,56,48,550.9,22.8,3,
3/10/21,81,6,913.8,37.8,2,
3/11/21,40,50,398.3,16.5,4,
3/12/21,67,19,708.7,29.3,2,
3/13/21,74,59,837.3,34.6,2,
3/14/21,64,40,707.2,29.2,2,
3/15/21,64,26,677.6,28,2,
3/16/21,56,15,633.1,26.2,2,
3/17/21,59,49,661.3,27.3,2,
3/18/21,46,22,474.3,19.6,3,
3/19/21,49,32,516.5,21.3,3,
3/20/21,53,30,572.3,23.7,3,
3/21/21,76,16,832.2,34.4,2,
3/22/21,72,17,814.3,33.7,2,
3/23/21,50,10,546,22.6,3,
3/24/21,57,53,675.8,27.9,2,
3/25/21,87,0,975.6,40.4,2,
3/26/21,58,52,662.1,27.4,2,
3/27/21,69,36,793.8,32.8,2,
3/28/21,86,21,990.2,41,2,
3/29/21,65,55,702.9,29.1,3,
3/30/21,61,24,654.7,27.1,3,
3/31/21,41,31,415.6,17.2,4,
4/1/21,66,38,731.1,30.2,3,
4/2/21,58,45,613.8,25.4,3,
4/3/21,65,29,703.3,29.1,3,
4/4/21,73,32,826.1,34.2,2,
4/5/21,60,9,637.6,26.4,3,
4/6/21,62,18,662.7,27.4,3,
4/7/21,53,21,493.1,20.4,4,
4/8/21,58,57,624.4,25.8,3,
4/9/21,72,49,783.2,32.4,3,
4/10/21,64,18,681.5,28.2,3,
4/11/21,78,42,846.1,35,3,
4/12/21,66,57,733.4,30.3,2,
4/13/21,72,21,769.9,31.8,2,
4/14/21,63,1,681.4,28.2,2,
4/15/21,59,49,632.9,26.2,3,
4/16/21,38,55,410,16.9,2,
4/17/21,67,29,742.2,30.7,2,
4/18/21,66,16,722.5,29.9,2,
4/19/21,60,55,622,25.7,3,
4/20/21,55,17,520.6,21.5,3,
4/21/21,68,47,675.7,27.9,3,
4/26/21,64,12,688.9,28.5,2,
4/27/21,68,19,740.2,30.6,2,
4/28/21,79,44,832.2,34.4,2,
4/29/21,72,19,756.6,31.3,2,
4/30/21,65,12,640.5,26.5,3,
5/1/21,76,43,826.7,34.2,2,
5/2/21,70,43,760,31.4,2,
5/3/21,75,28,816.4,33.8,2,
5/4/21,67,58,734.4,30.4,2,
5/5/21,73,49,787.9,32.6,2,
5/6/21,84,0,893.7,37,2,
5/7/21,64,57,669.5,27.7,2,
5/8/21,83,10,879.6,36.4,2,
5/9/21,69,23,716.6,29.6,2,
5/10/21,69,36,764,31.6,2,
5/11/21,65,6,642.6,26.6,2,
5/12/21,78,36,848.9,35.1,2,
5/13/21,78,55,825.2,34.1,2,
5/14/21,63,26,648.4,26.8,2,
5/15/21,69,33,725.4,30,2,
5/16/21,61,57,635.2,26.3,2,
5/17/21,62,20,643.6,26.6,2,
5/18/21,60,48,604.2,25,3,
5/19/21,59,25,585.6,24.2,3,
5/20/21,75,34,780.7,32.3,2,
5/21/21,76,41,794.1,32.8,2,
5/22/21,88,49,985.7,40.8,2,
5/23/21,67,25,654.7,27.1,3,
5/24/21,59,22,652.6,27,2,
5/25/21,80,1,839.1,34.7,2,
5/26/21,62,12,622.2,25.7,3,
5/27/21,65,11,669.2,27.7,2,
5/28/21,72,44,767.9,31.8,2,
5/29/21,71,20,722.6,29.9,2,
5/30/21,78,53,794,32.8,2,
5/31/21,72,42,716,29.6,2,
6/1/21,51,44,557,23,2,
6/2/21,65,49,623.1,25.8,3,
6/3/21,64,59,634.2,26.2,3,
6/4/21,72,31,682.9,28.2,3,
6/5/21,90,34,996.4,41.2,2,
6/6/21,62,26,646.1,26.7,2,
6/7/21,63,38,633.3,26.2,3,
6/8/21,87,27,907,37.5,2,
6/9/21,68,15,703.8,29.1,2,
6/10/21,73,12,767.2,31.7,2,
6/11/21,74,44,779.5,32.2,2,
6/12/21,82,57,815,33.7,2,
6/13/21,71,34,708.9,29.3,3,
6/14/21,66,34,645.4,26.7,3,
6/15/21,67,32,634.6,26.2,3,
6/16/21,77,51,795.7,32.9,2,
6/17/21,67,53,647.4,26.8,3,
6/18/21,66,52,650,26.9,3,
6/19/21,80,44,876.9,36.3,2,
6/20/21,79,35,789.7,32.7,2,
6/21/21,75,15,725.7,30,3,
6/22/21,44,35,370.8,15.3,4,
6/28/21,59,45,571.6,23.6,2,
6/29/21,62,17,633,26.2,2,
6/30/21,61,4,604.1,25,2,
7/1/21,65,46,672.3,27.8,2,
7/2/21,67,51,695.1,28.7,2,
7/3/21,77,1,765.3,31.7,2,
7/4/21,70,25,707.9,29.3,2,
7/5/21,82,1,838.9,34.7,2,
7/6/21,67,16,674,27.9,2,
7/7/21,68,44,660.4,27.3,2,
7/8/21,54,27,548.6,22.7,2,
8/6/21,72,43,719.3,29.7,2,
8/7/21,75,5,644.9,26.7,3,
8/8/21,79,28,792.6,32.8,2,
8/9/21,65,34,646.1,26.7,2,
8/10/21,60,43,609.3,25.2,2,
8/11/21,58,45,563.5,23.3,2,
8/12/21,90,42,772.8,32,3,
8/15/21,44,58,441.2,18.2,2,
8/16/21,69,49,703.8,29.1,2,
8/17/21,84,27,826.3,34.2,2,
8/18/21,50,42,469.6,19.4,3,
8/19/21,87,42,817.5,33.8,2,
8/20/21,92,36,865.1,35.8,2,
8/21/21,72,50,716.7,29.6,2,
8/22/21,67,58,685.8,28.4,2,
8/23/21,66,27,694.3,28.7,2,
8/24/21,75,5,760.1,31.4,2,
8/25/21,63,56,571.2,23.6,3,
8/26/21,69,57,680.1,28.1,2,
8/27/21,66,27,665.1,27.5,2,
8/28/21,71,30,754.7,31.2,2,
8/29/21,75,59,761.8,31.5,2,
8/30/21,68,29,671.2,27.8,2,
8/31/21,67,24,690.8,28.6,2,
9/1/21,64,48,686.2,28.4,2,
9/2/21,63,3,639.7,26.5,2,
9/3/21,66,21,671.3,27.8,2,
9/4/21,41,18,406.5,16.8,2,
9/6/21,63,26,640.7,26.5,2,
9/7/21,70,48,718.2,29.7,2,
9/8/21,70,41,685.8,28.4,2,
9/9/21,86,24,840.5,34.8,2,
9/10/21,63,30,630.7,26.1,2,
9/11/21,67,46,703.8,29.1,2,
9/12/21,76,6,759.1,31.4,2,
9/13/21,71,26,695.3,28.8,2,
9/14/21,64,25,634.9,26.3,2,
9/15/21,65,42,609.5,25.2,3,
9/16/21,63,59,567,23.4,3,
9/17/21,47,21,419.4,17.3,3,
9/18/21,78,30,782.2,32.4,2,
9/19/21,78,29,763.4,31.6,2,
9/20/21,61,56,558,23.1,3,
9/21/21,65,28,612.7,25.3,3,
9/22/21,74,27,745.2,30.8,2,
9/23/21,58,30,534.4,22.1,3,
9/24/21,64,2,605.5,25,3,
9/25/21,49,10,492.7,20.4,2,
9/27/21,65,38,611.8,25.3,2,
9/28/21,59,31,581.5,24,2,
9/29/21,65,29,633.9,26.2,2,
9/30/21,63,5,561.4,23.2,3,
10/1/21,28,36,279.4,11.5,2,
10/2/21,53,52,529.5,21.9,3,
10/3/21,30,16,303.4,12.5,2,
10/4/21,59,23,575.7,23.8,3,
10/5/21,32,49,328.2,13.5,2,
10/6/21,33,13,383,15.8,2,
10/7/21,52,40,608.7,25.2,2,
10/8/21,44,51,508.9,21,2,
10/9/21,33,17,376.1,15.5,2,
10/10/21,36,57,404.5,16.7,2,
10/11/21,43,55,472.2,19.5,2,
10/12/21,38,18,414.2,17.1,2,
10/13/21,47,0,452.3,18.7,3,
10/14/21,40,59,417.2,17.2,3,
10/15/21,53,56,533,22,3,
10/16/21,48,40,519.6,21.5,2,
10/17/21,41,30,439.9,18.2,2,
10/18/21,56,29,596.7,24.7,2,
10/19/21,52,39,548,22.7,2,
10/20/21,37,37,367.8,15.2,2,
10/21/21,41,35,436,18,2,
10/23/21,73,55,739.3,30.6,2,
10/24/21,58,26,613.8,25.4,2,
10/25/21,35,19,374.5,15.5,2,
10/26/21,46,46,489.7,20.2,2,
10/27/21,40,38,424.8,17.5,2,
10/28/21,43,57,450.2,18.6,2,
10/29/21,44,19,464.9,19.2,2,
10/30/21,64,25,646.3,26.7,2,
10/31/21,68,19,716.6,29.6,2,
11/1/21,45,30,484.3,20,2,
11/2/21,59,0,627,25.9,2,
11/3/21,40,38,426,17.6,2,
11/4/21,64,19,695.6,28.8,2,
11/5/21,41,24,425.5,17.6,2,
11/6/21,72,28,746.6,30.9,2,
11/7/21,81,13,862.2,35.7,2,
11/8/21,48,50,522,21.6,2,
11/9/21,42,21,413.2,17.1,3,
11/10/21,67,13,695.6,28.8,2,
11/11/21,58,3,608.8,25.2,2,
11/12/21,59,24,632.9,26.2,2,
11/13/21,56,55,613.3,25.4,2,
11/14/21,62,58,653.5,27,2,
11/15/21,54,58,583.4,24.1,2,
11/16/21,40,26,432.1,17.9,2,
11/17/21,69,56,734.9,30.4,2,
11/18/21,35,20,379.8,15.7,2,
11/19/21,58,45,592.2,24.5,2,
11/20/21,56,9,584.1,24.1,2,
11/21/21,62,44,662.1,27.4,2,
11/22/21,55,33,580,24,2,
11/23/21,54,32,572.6,23.7,2,
11/24/21,58,59,620.9,25.7,2,
11/25/21,53,57,565.5,23.4,2,
11/26/21,60,7,617.2,25.5,2,
11/27/21,68,34,703,29.1,2,
11/28/21,62,15,638.6,26.4,2,
11/29/21,61,39,649.2,26.8,2,
11/30/21,65,35,663.5,27.4,2,
12/1/21,54,22,553.1,22.9,2,
12/2/21,62,49,651.4,26.9,2,
12/3/21,55,33,597.7,24.7,2,
12/4/21,67,51,664.8,27.5,2,
12/5/21,64,1,606.6,25.1,2,
12/6/21,41,41,428,17.7,2,
12/7/21,67,38,681.3,28.2,2,
12/8/21,45,42,429.2,17.7,2,
12/9/21,56,32,593.5,24.5,3,
12/10/21,51,17,551.4,22.8,2,
12/11/21,81,12,821.2,34,2,
12/12/21,60,44,657.1,27.2,2,
12/13/21,57,43,608.1,25.1,2,
12/14/21,51,18,546,22.6,2,
12/15/21,67,32,709.6,29.3,2,
12/18/21,45,47,502.7,20.8,2,
12/19/21,54,14,560.2,23.2,2,
12/20/21,51,44,559.8,23.1,2,
12/21/21,63,36,673.9,27.9,2,
12/22/21,61,53,647.9,26.8,2,
12/23/21,61,21,641.2,26.5,2,
12/24/21,58,51,633.8,26.2,2,
12/25/21,65,21,675,27.9,2,
12/26/21,65,20,683,28.2,2,
12/27/21,56,47,591.9,24.5,2,
12/28/21,65,44,687.8,28.4,2,
12/29/21,64,17,684.5,28.3,2,
12/30/21,62,19,647.5,26.8,2,
12/31/21,56,43,624.8,25.8,2,
1/1/22,58,46,622.7,25.7,2,
1/2/22,65,57,690.1,28.5,2,
1/3/22,67,12,713.2,29.5,2,
1/4/22,59,45,573.7,23.7,3,
1/5/22,74,42,777.2,32.1,2,
1/6/22,62,22,655.9,27.1,2,
1/7/22,40,36,426.6,17.6,2,
1/9/22,62,19,672.2,27.8,2,
1/10/22,69,56,758.9,31.4,2,
1/11/22,62,49,658,27.2,2,
1/12/22,55,48,614.4,25.4,2,
1/13/22,63,33,701.4,29,2,
1/14/22,59,54,658,27.2,2,
1/15/22,69,23,723.1,29.9,2,
1/16/22,67,34,683.8,28.3,2,
1/17/22,52,57,554.4,22.9,2,
1/18/22,63,59,649.1,26.8,2,
1/19/22,58,53,621.2,25.7,2,
1/20/22,57,58,625.7,25.9,2,
1/21/22,56,49,618.6,25.6,2,
1/22/22,47,51,468.7,19.4,3,
1/23/22,59,4,623.5,25.8,2,
1/24/22,59,46,623.9,25.8,2,
1/25/22,51,31,564.9,23.4,2,
1/26/22,59,17,647.6,26.8,2,
1/27/22,45,16,519.5,21.5,2,
1/28/22,51,18,574.3,23.7,2,
1/29/22,57,47,636,26.3,2,
1/30/22,58,47,622.9,25.8,2,
1/31/22,61,37,657.2,27.2,2,
2/1/22,51,50,546.3,22.6,2,
2/2/22,43,50,437.1,18.1,3,
2/3/22,59,24,637.8,26.4,2,
2/4/22,62,40,654.3,27.1,2,
2/5/22,54,41,594.6,24.6,2,
2/6/22,58,23,647.9,26.8,2,
2/7/22,47,22,522.9,21.6,2,
2/8/22,50,37,543.6,22.5,2,
2/9/22,48,37,517.4,21.4,2,
2/10/22,56,17,598.3,24.7,2,
2/11/22,55,37,573.6,23.7,2,
2/12/22,59,25,633.5,26.2,2,
2/13/22,56,23,568.1,23.5,2,
2/14/22,59,59,632.5,26.2,2,
2/15/22,64,55,677.9,28,2,
2/16/22,63,46,681.4,28.2,2,
2/17/22,46,19,513.9,21.2,2,
2/18/22,64,58,693.1,28.7,2,
2/19/22,41,47,452,18.7,2,
2/20/22,49,53,548.5,22.7,2,
2/21/22,47,21,506.2,20.9,2,
2/22/22,41,17,455.2,18.8,2,
2/23/22,42,59,425.4,17.6,3,
2/24/22,49,27,525,21.7,2,
2/25/22,41,32,425.9,17.6,3,
2/26/22,48,42,516.5,21.3,2,
2/27/22,61,51,661.4,27.3,2,
2/28/22,46,41,509.4,21.1,2,
3/1/22,43,23,465.5,19.2,2,
3/2/22,42,14,455.4,18.8,2,
3/3/22,45,22,493.3,20.4,2,
3/4/22,45,27,430.1,17.8,3,
3/5/22,36,25,309.6,12.8,4,
3/6/22,65,47,693.5,28.7,2,
3/7/22,55,21,576.9,23.8,2,
3/8/22,41,21,430.2,17.8,2,
3/9/22,44,7,473.2,19.6,2,
3/10/22,41,55,449.1,18.6,2,
3/11/22,42,49,417.7,17.3,3,
3/12/22,65,21,703.4,29.1,2,
3/13/22,31,26,367.4,15.2,2,
3/14/22,31,29,341.8,14.1,2,
3/15/22,31,33,355.5,14.7,2,
3/16/22,35,25,398.2,16.4,2,
3/17/22,41,41,414.7,17.1,3,
3/18/22,37,26,403.8,16.7,2,
3/19/22,67,43,741.7,30.7,2,
3/20/22,54,30,581.3,24,2,
3/21/22,46,12,493,20.4,2,
3/22/22,42,29,406,16.8,3,
3/23/22,53,47,509.1,21,3,
3/24/22,49,50,538.9,22.3,2,
3/25/22,43,26,416.3,17.2,3,
3/26/22,67,41,758.6,31.4,2,
3/27/22,61,6,703.5,29.1,2,
3/28/22,63,32,675.9,27.9,2,
3/29/22,47,40,529.6,21.9,2,
3/30/22,52,40,560.6,23.2,2,
3/31/22,46,29,495.4,20.5,2,
4/1/22,41,32,446.1,18.4,2,
4/2/22,62,15,668.5,27.6,2,
4/3/22,63,24,693.5,28.7,2,
4/4/22,40,33,423.7,17.5,2,
4/5/22,48,17,469.5,19.4,3,
4/6/22,44,58,471.2,19.5,2,
4/7/22,42,18,409,16.9,3,
4/8/22,38,20,412.6,17,2,
4/9/22,73,26,772.9,32,2,
4/10/22,61,25,634.8,26.2,2,
4/11/22,53,14,575.6,23.8,2,
4/12/22,52,2,561.3,23.2,2,
4/13/22,55,4,592.1,24.5,2,
4/14/22,41,1,437.5,18.1,2,
4/15/22,53,51,575.8,23.8,2,
4/16/22,57,42,617.2,25.5,2,
4/17/22,61,20,567.6,23.5,3,
4/18/22,51,26,547.2,22.6,2,
4/19/22,42,55,452.8,18.7,2,
4/20/22,63,37,663.7,27.4,2,
4/21/22,45,24,487.1,20.1,2,
4/24/22,31,11,308.4,12.7,2,
4/25/22,40,31,421.1,17.4,2,
4/26/22,36,18,331.2,13.7,3,
4/27/22,43,18,453.2,18.7,2,
4/28/22,41,15,440.9,18.2,2,
4/28/22,41,12,426.1,17.6,2,
4/29/22,57,26,617.4,25.5,2,
4/30/22,67,40,736.9,30.5,2,
5/1/22,61,20,672.4,27.8,2,
5/2/22,43,14,464,19.2,2,
5/3/22,47,47,429.6,17.7,3,
5/4/22,46,28,483.5,20,2,
5/5/22,43,52,456,18.8,2,
5/6/22,47,10,451.6,18.7,3,
5/7/22,70,0,734.4,30.4,2,
5/8/22,61,38,654.8,27.1,2,
5/9/22,44,26,459.1,19,2,
5/10/22,43,20,451.8,18.7,2,
5/11/22,42,25,439.9,18.2,2,
5/12/22,47,44,495.4,20.5,2,
5/13/22,35,29,329.7,13.6,3,
5/14/22,70,51,745.2,30.8,2,
5/15/22,66,18,684,28.3,2,
5/16/22,42,25,423.8,17.5,2,
5/17/22,46,23,476.6,19.7,2,
5/18/22,40,32,389.9,16.1,3,
5/23/22,31,40,321.5,13.3,2,
5/24/22,41,42,443.7,18.3,2,
5/25/22,45,20,476.9,19.7,2,
5/26/22,46,22,480.8,19.9,2,
5/27/22,44,35,456.7,18.9,2,
5/28/22,60,22,618,25.6,2,
5/29/22,56,31,585.6,24.2,2,
5/30/22,52,0,539.3,22.3,2,
5/31/22,49,18,519.5,21.5,2,
6/1/22,36,17,391.2,16.2,2,
6/2/22,35,1,363.1,15,2,
6/3/22,20,48,211.8,8.7,2,
6/4/22,57,56,608.4,25.2,2,
6/5/22,50,46,519.4,21.5,2,
6/6/22,36,14,392,16.2,2,
6/7/22,47,26,492.5,20.4,2,
6/8/22,30,26,319.1,13.2,2,
6/12/22,26,45,275,11.3,2,
6/13/22,49,47,522.6,21.6,2,
6/14/22,42,31,468.9,19.4,2,
6/15/22,43,14,471.8,19.5,2,
6/16/22,40,29,429.2,17.7,2,
6/17/22,51,12,521.7,21.6,2,
6/18/22,54,55,565.4,23.4,2,
6/19/22,56,28,582.3,24.1,2,
6/20/22,43,51,471.9,19.5,2,
6/21/22,51,39,561.5,23.2,2,
6/22/22,40,52,465.5,18.9,2,
6/23/22,53,28,567.3,23.5,2,
6/24/22,43,27,478.4,19.8,2,
6/25/22,52,24,583.4,24.1,2,
6/26/22,53,9,586.7,24.3,2,
6/27/22,57,31,644.6,26.7,2,
6/28/22,41,28,458.9,19,2,
6/29/22,50,51,545.9,22.6,2,
6/30/22,43,20,456.3,18.9,2,
7/1/22,49,39,526.2,21.7,2,
7/2/22,51,43,574.8,23.8,2,
7/3/22,57,5,616.1,25.5,2,
7/4/22,55,16,586.6,24.3,2,
7/5/22,43,24,488,20.2,2,
7/6/22,43,25,473.4,19.6,2,
7/7/22,46,14,506.5,20.9,2,
7/8/22,35,42,363.4,15,2,
7/9/22,52,48,578.3,23.9,2,
7/10/22,48,52,553.3,22.9,2,
7/11/22,37,46,415.7,17.2,2,
7/12/22,47,15,523.3,21.6,2,
7/13/22,63,13,715.3,29.6,2,
7/14/22,46,39,518.9,21.4,2,
7/15/22,49,26,543.8,22.5,2,
7/16/22,47,43,544.2,22.5,2,
7/17/22,58,17,622.3,25.7,2,
7/18/22,45,15,498.2,20.6,2,
7/19/22,49,16,560.2,23.2,2,
7/20/22,38,38,463.9,19.2,2,
7/21/22,38,34,431.1,17.8,2,
7/22/22,58,4,608,25.1,2,
7/23/22,52,47,584.9,24.2,2,
7/24/22,52,44,571.5,23.6,2,
7/25/22,55,38,612.6,25.3,2,
7/26/22,51,33,569.1,23.5,2,
7/27/22,43,59,490.3,20.3,2,
7/28/22,40,22,457.3,18.9,2,
7/29/22,32,58,369.3,,2,
7/30/22,50,46,581.7,,2,
8/1/22,35,4,408.2,,2,
8/2/22,42,56,503.9,,2,
8/3/22,48,27,509.5,,3,
8/4/22,53,17,597.1,,2,
8/5/22,50,46,575.1,,2,
8/6/22,48,5,543.6,,2,
8/7/22,46,39,476.1,,3,
8/8/22,54,35,600.1,,2,
8/9/22,43,31,482.4,,2,
8/10/22,46,48,522,,2,
8/11/22,35,16,367.5,,3,
8/14/22,15,0,,,2,"Kicked sensor, use cal/dist average of res 2"
8/14/22,28,25,293.7,12.1,2,
8/15/22,37,35,389.3,16.1,2,
8/16/22,43,23,437.6,18.1,2,
8/17/22,45,44,463.3,19.1,2,
8/18/22,41,58,427.5,17.7,2,
8/19/22,47,17,491.9,20.3,2,
8/21/22,34,14,350.3,14.5,2,
8/22/22,46,30,478.3,19.8,2,
8/23/22,53,42,532.1,22,2,
8/24/22,40,2,413.3,17.1,2,
8/25/22,43,52,497.8,20.6,2,
8/29/22,34,54,372.8,15.4,2,
8/30/22,38,30,413.3,17.1,2,
8/31/22,41,27,453.1,18.7,2,
9/1/22,42,53,462.7,19.1,2,
9/2/22,45,36,491.6,20.3,2,
9/3/22,25,30,278.4,11.5,2,
9/5/22,59,8,636.6,26.3,2,
9/6/22,45,17,489.5,20.3,2,"Only recorded ""20."", I think 20.3"
9/7/22,47,53,546.1,22.6,2,
9/8/22,29,58,338.4,14,2,
9/9/22,34,22,398.8,16.5,2,
9/10/22,42,54,482.5,19.9,2,
9/11/22,54,23,613.9,25.4,2,
9/12/22,44,31,516.3,21.3,2,
9/13/22,45,20,522.6,21.6,2,
9/14/22,37,26,434.5,18,2,
9/15/22,38,2,439.4,18.2,2,
9/16/22,45,37,532.1,22,2,
9/17/22,54,39,634.5,26.2,2,
9/18/22,48,13,552.5,22.8,2,
9/19/22,42,49,483,20,2,
9/20/22,40,53,463.7,19.2,2,
9/21/22,37,49,416.3,17.2,2,
9/23/22,43,43,491.3,20.3,2,
9/24/22,52,16,596.3,24.7,2,
9/25/22,57,43,652.4,27,2,
9/26/22,35,49,355.3,14.7,3,
9/28/22,71,41,761.1,31.5,2,
9/29/22,45,38,489,20.2,2,
9/30/22,54,26,590.4,24.5,2,
10/1/22,48,17,575.1,23.8,2,
10/2/22,40,46,440.2,18.2,3,
10/3/22,31,28,330.5,13.6,3,
10/4/22,39,18,422.8,17.5,3,
10/5/22,39,50,452.9,18.7,2,
10/6/22,49,16,524.6,21.7,2,
10/7/22,46,6,504.9,20.9,2,
10/8/22,33,38,365.9,15.1,2,
10/9/22,40,47,472.5,19.5,2,
10/10/22,41,1,444.3,18.4,2,
10/11/22,47,50,522.7,21.6,2,
10/12/22,34,24,385.7,15.9,2,
10/13/22,40,22,454.8,18.8,2,
10/14/22,43,22,490.5,20.3,2,
10/15/22,53,43,572.5,23.7,2,
10/16/22,52,0,578.2,23.9,2,
10/17/22,36,34,367.2,15.2,3,
10/18/22,32,41,374.5,15.5,2,
10/19/22,37,48,428.2,17.7,2,
10/20/22,40,37,452.4,18.7,2,
10/21/22,42,28,442.4,18.3,2,
10/22/22,42,45,474.4,19.6,2,
10/23/22,47,32,521.9,21.6,2,
10/24/22,34,32,374.2,15.5,2,
10/26/22,36,31,413.4,17.1,2,
10/27/22,34,35,380,15.7,2,
10/28/22,41,2,453,18.7,2,
10/29/22,42,31,476.2,19.7,2,
10/30/22,43,34,489.7,20.2,2,
10/31/22,32,57,364.3,15,2,
11/1/22,37,43,414.3,17.1,2,
11/2/22,33,52,372.4,15.4,2,
11/3/22,37,19,419.3,17.3,2,
11/4/22,38,46,392.9,16.2,2,
11/5/22,41,46,455.9,18.8,2,
11/6/22,48,59,533.9,22.1,2,
11/7/22,42,16,466.6,19.3,2,
11/8/22,40,49,456.6,18.9,2,
11/9/22,34,0,369,15.2,2,
11/10/22,36,12,365.6,15.1,2,
11/11/22,42,11,475.7,19.7,2,
11/12/22,36,17,409.7,16.9,2,
11/13/22,42,32,486.5,20.1,2,
11/14/22,33,21,370.8,15.3,2,
11/15/22,36,57,390.4,16.1,2,
11/16/22,41,54,464.8,19.2,2,
11/17/22,40,13,452.1,18.7,2,
11/18/22,39,27,425.5,17.6,2,
11/19/22,45,58,513.3,21.2,2,
11/20/22,42,31,461.4,19.1,2,
11/25/22,53,24,592.4,24.5,2,
11/26/22,58,24,645.2,26.7,2,
11/27/22,49,38,548.9,22.7,2,
11/28/22,37,56,421.3,17.4,2,
11/29/22,42,51,471.6,19.5,2,
12/1/22,31,53,363.5,15,2,
12/3/22,54,24,606.5,25.1,2,
12/4/22,61,24,712.6,29.5,2,
12/5/22,41,53,464.3,19.2,2,
12/6/22,40,46,472.7,19.5,2,
12/7/22,34,17,419.8,17.3,2,
12/8/22,39,30,455.8,18.8,2,
12/9/22,43,27,485.9,20.1,2,
12/10/22,54,22,614.1,25.4,2,
12/11/22,49,53,549.3,22.7,2,
12/12/22,47,18,521,21.5,2,
12/13/22,39,24,453.9,18.8,2,
12/14/22,48,58,553.2,22.9,2,
12/15/22,37,58,428.2,17.7,2,
12/18/22,16,0,,,2,"Dead battery, use cal/dist average of res 2"
12/18/22,18,30,197.9,8.2,2,
12/19/22,36,18,392.3,16.2,2,
12/20/22,37,17,393.9,16.3,2,
12/21/22,39,9,425.5,17.6,2,
12/22/22,43,55,448.3,18.5,2,
12/23/22,39,59,418.1,17.3,2,
12/24/22,45,33,478.7,19.8,2,
12/25/22,39,48,410.5,17,2,
12/26/22,40,42,427,17.6,2,
12/27/22,38,1,413.9,17.1,2,
12/28/22,40,38,424,17.5,2,
12/29/22,45,39,470.2,19.4,2,
12/30/22,44,18,451.4,18.7,2,
12/31/22,45,22,445.5,18.4,2,
1/1/23,43,30,428.9,17.7,2,
1/2/23,44,33,428.6,17.7,2,
1/3/23,42,45,443.1,18.3,2,
1/4/23,37,56,386.4,16,2,
1/5/23,38,44,408.2,16.9,2,
1/6/23,40,32,439.7,18.2,2,
1/9/23,47,32,531.1,22,2,
1/10/23,41,20,447.8,18.5,2,
1/11/23,40,12,439.3,18.1,2,
1/12/23,37,54,409.4,16.9,2,
1/13/23,42,19,452.6,18.7,2,
1/14/23,45,24,507.8,21,2,
1/15/23,48,57,562.7,23.3,2,
1/16/23,47,50,521.3,21.5,2,
1/17/23,43,19,450.3,18.6,2,
1/18/23,41,48,439.2,18.1,2,
1/19/23,49,48,520.4,21.5,2,
1/20/23,31,0,296.5,12.2,2,
1/21/23,45,31,490.3,20.3,2,
1/22/23,45,58,489.4,20.2,2,
1/23/23,38,32,418,17.3,2,
1/24/23,43,11,470.8,19.5,2,
1/25/23,36,30,396,16.4,2,
1/26/23,52,21,556.4,23,2,
1/27/23,36,52,407.7,16.8,2,
1/28/23,43,52,480.7,19.9,2,
1/29/23,40,37,446.5,18.4,2,
1/30/23,30,27,327.9,13.5,2,
1/31/23,28,13,317.7,13.1,2,
2/1/23,31,27,343.7,14.2,2,
2/2/23,31,29,357.1,14.7,2,
2/4/23,43,14,478.6,19.8,2,
2/5/23,43,13,494.4,20.4,2,
2/6/23,33,34,352.3,14.5,2,
2/8/23,34,9,377.8,15.7,2,
2/9/23,33,51,348.1,14.4,2,
2/10/23,40,46,435.9,18,2,
2/12/23,42,11,431.5,17.8,2,
2/13/23,39,44,393.8,16.3,2,
2/14/23,35,58,363.6,15,2,
2/15/23,35,25,385.2,15.9,2,
2/17/23,32,59,345.9,14.3,2,
2/19/23,44,2,463,19.1,2,
2/20/23,32,36,327.9,13.5,2,
2/22/23,53,26,565.1,23.4,2,
2/24/23,32,2,345,14.2,2,
2/25/23,45,50,514.7,21.3,2,
2/26/23,43,40,462.6,19.1,2,
2/28/23,33,54,372.6,15.4,2,
3/1/23,38,10,406.5,16.8,2,
3/3/23,60,6,613.9,25.4,2,
3/5/23,46,36,499.4,20.6,2,
3/6/23,47,15,475.8,19.7,2,
3/8/23,34,45,367.5,15.2,2,
3/9/23,33,43,360.8,14.9,2,
3/11/23,34,33,390,16.1,2,DeskCycle2
3/12/23,31,19,342,14.1,2,DeskCycle2
3/14/23,36,53,393.7,16.3,2,
3/15/23,35,0,370.3,15.3,2,
3/17/23,39,29,412.6,17,2,
3/18/23,42,43,452.6,18.7,2,
3/19/23,54,22,572.6,23.7,2,
3/21/23,41,21,418,17.3,2,
3/23/23,42,45,454.7,18.8,2,
3/25/23,45,31,491.5,20.3,2,
3/26/23,53,18,524.2,21.7,2,
3/28/23,34,44,365.3,15.1,2,
3/30/23,31,30,326.4,13.5,2,
4/1/23,37,11,410.9,17,2,
4/2/23,48,46,519.6,21.5,2,
4/3/23,35,23,368.2,15.2,2,
4/5/23,39,34,415.1,17.1,2,
4/7/23,40,37,452.2,18.7,2,
4/8/23,62,39,654.8,27.1,2,
4/9/23,52,48,572.6,23.7,2,
4/11/23,32,46,369.7,15.3,2,
4/13/23,31,2,339.7,14,2,
4/16/23,51,6,558.5,23.1,2,
4/18/23,45,26,495.2,20.5,2,
4/21/23,41,10,446.5,18.4,2,
4/23/23,45,20,491.6,20.3,2,
4/24/23,42,44,489.7,20.2,2,
4/26/23,33,30,378.7,15.6,2,
4/29/23,38,2,416.5,17.2,2,
5/1/23,41,54,439.5,18.2,2,
5/3/23,35,10,380.9,15.7,2,
5/4/23,32,30,352.2,14.5,2,
5/6/23,38,41,413.7,17.1,2,
5/8/23,37,35,415.6,17.2,2,
5/10/23,36,49,426.3,17.6,2,
5/13/23,37,17,412.9,17.1,2,
5/15/23,42,45,462.1,19.1,2,
5/18/23,37,52,407.5,16.8,2,
5/20/23,43,0,452.5,18.7,2,
5/22/23,31,8,323.2,13.3,2,
5/25/23,36,29,376.9,15.6,2,
5/28/23,50,17,522.8,21.6,2,
5/30/23,42,0,434.8,18,2,
6/1/23,36,35,396.3,16.4,2,
6/6/23,33,13,347.3,14.3,2,
6/8/23,42,36,449.7,18.6,2,
6/11/23,41,10,430.1,17.8,2,
6/12/23,24,55,255.3,10.5,2,
6/15/23,39,5,391.6,16.2,2,
6/18/23,42,18,454.5,18.8,2,
6/20/23,38,53,404.2,16.7,2,
6/24/23,41,18,458.6,18.9,2,
6/25/23,43,52,510.5,21.1,2,
6/28/23,33,25,375,15.5,2,
7/2/23,39,54,459.3,19,2,
7/6/23,50,53,563.9,23.3,2,
7/9/23,43,11,464.7,19.2,2,
7/13/23,50,5,559.8,23.1,2,
8/16/23,39,45,428.1,17.7,2,
8/20/23,32,49,290.6,12,4,
8/23/23,31,25,277.2,11.4,4,
9/3/23,40,50,398.3,16.5,3,
9/9/23,42,22,407.5,16.8,3,
10/4/23,31,58,296.3,12.2,3,
10/14/23,49,56,469.2,19.4,3,
10/15/23,43,50,424.3,17.5,3,
10/17/23,36,55,353.1,14.6,3,
10/21/23,50,37,493.1,20.4,3,
10/22/23,41,21,423.1,17.5,3,
10/29/23,37,16,354.5,14.6,3,
11/8/23,36,25,323.3,13.3,3,
11/14/23,46,42,437.1,18.1,3,
11/20/23,28,48,270.5,11.2,3,
11/27/23,39,37,337,13.9,3,
11/28/23,41,18,406.6,16.8,2,
12/6/23,29,13,274.6,11.3,2,
12/11/23,41,57,413.6,17.1,2,
12/12/23,34,14,317.8,13.1,3,
12/17/23,38,38,438.6,18.1,2,
12/30/23,32,27,325.5,13.4,2,
1/6/24,40,49,383.6,15.8,2,
1/8/24,41,54,425.4,17.6,2,
1/12/24,48,35,471.4,19.5,2,
1/21/24,35,0,407.9,16.8,2,
2/4/24,46,35,471.3,19.5,2,
2/18/24,35,43,353.7,14.6,2,
2/25/24,43,57,453.8,18.8,2,
2/26/24,42,33,411.7,17,2,
2/29/24,34,44,314.4,13,3,
3/2/24,40,38,417.2,17.2,2,
3/3/24,51,58,572.2,23.7,2,
3/7/24,42,5,419.9,17.3,2,
3/9/24,44,27,437.7,18.1,2,
3/11/24,37,10,415.3,17.2,2,
3/12/24,36,36,429.9,17.8,2,
3/14/24,34,13,384.7,15.9,2,
3/16/24,39,2,436.2,18,2,
3/19/24,43,17,474,19.6,2,
3/20/24,52,38,570.5,23.6,2,
3/21/24,34,23,379.2,15.7,2,
3/23/24,41,55,434.8,18,2,
3/25/24,42,21,447.6,18.5,2,
3/29/24,41,36,429.4,17.7,2,
3/30/24,41,3,435.1,18,2,
3/31/24,40,34,469.2,19.4,2,
4/2/24,39,31,426.1,17.6,2,
4/4/24,38,10,412.1,17,2,
4/6/24,44,22,485.9,20.1,2,
4/7/24,40,56,437.7,18.1,2,
4/9/24,43,1,463.8,19.2,2,
4/11/24,44,42,484.8,20,2,
4/13/24,53,46,586.2,24.2,2,
4/14/24,32,15,325.3,13.4,3,
4/16/24,46,28,517.5,21.4,2,
4/18/24,41,17,454.5,18.8,2,
4/20/24,42,19,481.5,19.9,2,
4/21/24,35,54,402.9,16.6,2,
4/23/24,46,59,512.7,21.2,2,
4/25/24,38,46,441.8,18.3,2,
4/27/24,38,34,435.6,18,2,
4/28/24,36,9,425.4,17.6,2,
4/30/24,43,20,539.3,22.3,2,
5/2/24,42,0,514.8,21.3,2,
5/4/24,40,45,522.1,21.6,2,
5/5/24,42,33,543.7,22.5,2,
5/7/24,41,40,510.9,21.1,2,
5/9/24,46,21,555,22.9,2,
5/11/24,41,50,519.1,21.5,2,
5/12/24,36,23,443.9,18.3,2,
5/14/24,41,28,517.7,21.4,2,
5/15/24,40,23,503.2,20.8,2,
5/16/24,44,14,544.1,22.5,2,
5/17/24,37,15,409.4,16.9,3,
5/19/24,38,12,466.4,19.3,2,
5/21/24,37,44,466.4,19.3,2,
5/23/24,40,49,502.1,20.8,2,
5/25/24,31,1,307.1,12.7,4,
5/27/24,41,49,519.5,21.5,2,
5/28/24,42,59,506.3,20.9,2,
5/30/24,34,14,368.5,15.2,3,
6/1/24,51,53,633.3,26.2,2,
6/3/24,37,39,459.7,19,2,
6/4/24,35,46,451.6,18.7,2,
6/6/24,46,31,566.7,23.4,2,
6/8/24,41,13,504,20.8,2,
6/9/24,35,28,410.5,17,3,
6/11/24,51,29,634.6,26.2,2,
6/13/24,34,16,427,17.6,2,
6/14/24,38,12,467.2,19.3,2,
6/16/24,42,25,514.6,21.3,2,
6/17/24,42,50,524.6,21.7,2,
6/18/24,42,50,547.7,22.6,2,
6/20/24,47,56,592.2,24.5,2,
6/21/24,32,47,418.2,17.3,2,
6/23/24,44,19,546.1,22.6,2,
6/24/24,40,20,497.7,20.6,2,
6/26/24,44,10,544,22.5,2,
6/28/24,41,28,509,21,2,
6/29/24,42,34,538.4,22.3,2,
6/30/24,41,24,517.2,21.4,2,
7/1/24,35,47,438.1,18.1,2,
7/2/24,37,53,463.4,19.1,2,
7/4/24,41,45,517.1,21.4,2,
7/5/24,46,23,570.2,23.6,2,
7/7/24,40,12,481.6,19.9,2,
7/9/24,41,3,502.3,20.8,2,
7/10/24,37,15,461.5,19.1,2,
7/11/24,36,20,452.1,18.7,2,
7/12/24,44,33,551,22.8,2,
7/14/24,41,55,518.7,21.4,2,
7/15/24,45,3,544.3,22.5,2,
7/16/24,37,53,468,19.3,2,
7/17/24,38,50,480.4,19.9,2,
7/19/24,40,32,500.8,20.7,2,
7/20/24,41,45,509.3,21,2,
7/21/24,42,28,543.8,22.5,2,
7/22/24,41,50,521.8,21.6,2,
7/24/24,37,47,423.2,17.5,3,
7/25/24,41,47,514.7,21.3,2,
7/26/24,36,31,461.6,19.1,2,
7/27/24,41,30,513.6,21.2,2,
7/28/24,35,48,430.2,17.8,2,
7/29/24,40,20,492.2,20.3,2,
7/31/24,37,47,465.5,19.2,2,
8/1/24,44,55,562.2,23.2,2,
8/2/24,42,42,524.3,21.7,2,
8/3/24,40,31,474.8,19.6,2,
8/4/24,39,42,487.3,20.1,2,
8/6/24,42,59,528.4,21.8,2,
8/7/24,44,17,548.8,22.7,2,
8/8/24,41,18,522.1,21.6,2,
8/10/24,41,51,519.1,21.5,2,
8/11/24,47,20,575.2,23.8,2,
8/12/24,36,23,451.7,18.7,2,
8/13/24,42,27,528.7,21.9,2,
8/16/24,47,5,544.3,22.5,2,
8/17/24,42,45,505.4,20.9,2,
8/21/24,36,34,414.1,17.1,2,
8/22/24,37,37,424.6,17.5,2,
8/23/24,42,40,483.2,20,2,
8/24/24,43,16,513.2,21.2,2,
8/25/24,39,47,471.1,19.5,2,
8/26/24,40,41,477.6,19.7,2,
8/27/24,38,45,451.8,18.7,2,
8/28/24,37,20,462.3,19.1,2,
8/29/24,42,51,503.4,20.8,2,
8/31/24,41,51,499.2,20.6,2,
9/1/24,35,49,423.7,17.5,2,
9/2/24,35,47,414.9,17.1,2,
9/5/24,35,14,427.5,17.7,2,
9/6/24,35,12,441.3,18.2,2,
9/7/24,42,30,543.7,22.5,2,
9/9/24,40,23,437.3,18.1,2,
9/10/24,38,23,446.6,18.5,2,
9/12/24,39,21,448.4,18.5,2,
9/13/24,44,30,524.1,21.7,2,
9/14/24,36,45,426.3,17.6,2,
9/15/24,37,26,441.1,18.2,2,
9/16/24,39,26,470.7,19.5,2,
9/17/24,39,24,449,18.6,2,
9/18/24,37,57,416.8,17.2,2,
9/19/24,40,19,443.9,18.3,2,
9/21/24,40,31,473.2,19.6,2,
9/22/24,37,16,437.5,18.1,2,
9/23/24,41,43,447.9,18.5,2,
9/24/24,40,41,443.8,18.3,2,
9/25/24,44,33,492.8,20.4,2,
9/27/24,43,41,508.3,21,2,
9/28/24,43,39,508.5,21,2,
9/29/24,38,4,464.1,19.2,2,
10/1/24,36,31,405.9,16.8,2,
10/3/24,39,8,451.9,18.7,2,
10/4/24,45,57,549.7,22.7,2,
10/5/24,34,37,414.9,17.1,2,
10/7/24,41,25,476.8,19.7,2,
10/8/24,38,29,436.3,18,2,
10/9/24,38,18,424.7,17.5,2,
10/10/24,42,7,465,19.2,2,
10/12/24,41,2,487.1,20.1,2,
10/13/24,36,29,423.2,17.5,2,
10/15/24,44,54,519.4,21.5,2,
10/16/24,38,33,451.4,18.7,2,
10/18/24,40,30,470.6,19.4,2,
10/22/24,44,16,520,21.5,2,
10/24/24,38,46,452.5,18.7,2,
10/26/24,36,39,417.9,17.3,2,
10/28/24,42,9,478,19.8,2,
10/29/24,41,54,493.1,20.4,2,
10/30/24,39,28,444.5,18.4,2,
11/2/24,37,47,440,18.2,2,
11/3/24,40,26,481,19.9,2,
11/4/24,36,45,443.5,18.3,2,
11/6/24,43,15,494.6,20.4,2,
11/7/24,37,8,416.6,17.2,2,
11/9/24,41,10,485.7,20.1,2,
11/11/24,43,32,507,21,2,
11/12/24,49,41,581.9,24.1,2,
11/14/24,52,0,605.6,25,2,
11/15/24,46,4,531.1,22,2,
11/17/24,40,35,465.9,19.3,2,
11/18/24,41,37,476,19.7,2,
11/20/24,42,18,484.5,20,2,
11/21/24,38,54,430.3,17.8,2,
11/23/24,36,47,418.3,17.3,2,
11/25/24,46,8,535.4,22.1,2,
11/26/24,41,23,478.3,19.8,2,
11/28/24,39,23,448.7,18.5,2,
11/29/24,38,49,444.1,18.3,2,
12/1/24,38,0,436.1,18,2,
12/3/24,43,48,509.4,21.1,2,
12/5/24,41,30,455.2,18.8,2,
12/7/24,47,43,544.4,22.5,2,
12/8/24,45,25,571.7,23.6,2,
12/9/24,37,40,450.5,18.6,2,
12/11/24,45,8,524.8,21.7,2,
12/12/24,42,25,491.6,20.3,2,
12/14/24,46,14,546,22.6,2,
12/15/24,37,41,480.7,19.9,2,
12/16/24,41,7,495.4,20.5,2,
12/18/24,36,29,442.3,18.3,2,
12/29/25,46,58,544.4,22.5,2,
1/14/25,41,30,513.9,21.2,2,
1/16/25,35,40,423.2,17.5,2,
1/19/25,41,19,472.2,19.5,2,
1/22/25,35,17,417.4,17.2,2,
1/24/25,40,26,479.8,19.8,2,
1/25/25,38,50,464.6,19.2,2,
1/30/25,48,25,580.6,24,2,
2/1/25,42,34,517.9,21.4,2,
2/3/25,37,18,451,18.6,2,
2/5/25,43,17,541.7,22.4,2,
2/6/25,35,37,439.7,18.2,2,
2/8/25,41,22,512.7,21.2,2,
2/10/25,41,9,492.5,20.4,2,
2/11/25,42,19,526.4,21.8,2,
2/12/25,37,55,485.8,20.1,2,
2/14/25,42,25,526.9,21.8,2,
2/16/25,37,47,471.1,19.5,2,
2/17/25,37,48,445.1,18.4,2,
2/19/25,39,59,492.7,20.4,2,
2/21/25,41,25,508.4,21,2,
2/23/25,45,16,548.4,22.7,2,
2/25/25,39,48,503.9,20.8,2,
2/26/25,42,17,511.6,21.1,2,
2/27/25,41,2,511.9,21.2,2,
3/1/25,39,20,497.1,20.5,2,
3/3/25,35,30,452,18.7,2,
3/4/25,37,25,464,19.2,2,
3/6/25,39,11,494.9,20.5,2,
3/8/25,37,55,462,19.1,2,
3/9/25,40,44,485.7,20.1,2,
3/11/25,36,17,464.3,19.2,2,
3/12/25,38,10,472.9,19.5,2,
3/14/25,40,36,490.8,20.3,2,
3/17/25,51,35,653.1,27,2,
3/19/25,37,37,464.3,19.2,2,
3/21/25,41,35,508.1,21,2,
3/22/25,38,15,479.7,19.8,2,
3/24/25,37,49,475.3,19.6,2,
3/25/25,37,32,470.9,19.5,2,
3/27/25,41,8,509.5,21.1,2,
3/29/25,43,33,515.5,21.3,2,
4/1/25,39,11,481.3,19.9,2,
4/2/25,38,27,472.9,19.5,2,
4/4/25,37,53,473.2,19.6,2,
4/6/25,42,1,502.6,20.8,2,
4/8/25,45,13,565.4,23.4,2,
4/10/25,40,44,483.4,20,2,
4/12/25,41,58,504.7,20.9,2,
4/13/25,35,19,403.4,16.7,3,
4/15/25,37,19,452.4,18.7,2,
4/18/25,42,18,541.5,22.4,2,
4/20/25,36,31,461.9,19.1,2,
4/21/25,42,12,544.5,22.5,2,
4/22/25,41,10,534.1,22.1,2,
4/24/25,40,46,529.2,21.9,2,
4/26/25,41,44,541.5,22.4,2,
4/27/25,46,28,607,25.1,2,